<?xml version='1.0' encoding='windows-1252' ?>
<!DOCTYPE ViewObject SYSTEM "jbo_03_01.dtd">

<ViewObject
   Name="HiretypeVO"
   BindingStyle="OracleName"
   CustomQuery="true"
   RowClass="xxgam.oracle.apps.xbol.tm.poplist.server.HiretypeVORowImpl"
   ComponentClass="xxgam.oracle.apps.xbol.tm.poplist.server.HiretypeVOImpl"
   UseGlueCode="false" >
   <SQLQuery><![CDATA[
select CLASSIFICATION tipo
from XXGAM_TM_HIRE_TYPE_DT
   ]]></SQLQuery>
   <DesignTime>
      <Attr Name="_isCodegen" Value="true" />
      <Attr Name="_isExpertMode" Value="true" />
      <Attr Name="_version" Value="10.1.3.41.57" />
      <Attr Name="_codeGenFlag2" Value="Access|Coll|VarAccess" />
   </DesignTime>
   <ViewAttribute
      Name="Tipo"
      IsUpdateable="false"
      IsPersistent="false"
      Precision="255"
      Type="java.lang.String"
      ColumnType="VARCHAR2"
      AliasName="TIPO"
      Expression="TIPO"
      SQLType="VARCHAR" >
      <DesignTime>
         <Attr Name="_DisplaySize" Value="255" />
      </DesignTime>
   </ViewAttribute>
</ViewObject>
