<?xml version='1.0' encoding='windows-1252' ?>
<!DOCTYPE AppModule SYSTEM "jbo_03_01.dtd">

<AppModule
   Name="PoplistAM"
   ComponentClass="xxgam.oracle.apps.xbol.tm.poplist.server.PoplistAMImpl"
   DefClass="xxgam.oracle.apps.xbol.tm.poplist.server.PoplistAMDefImpl" >
   <DesignTime>
      <Attr Name="_isDefCodegen" Value="true" />
      <Attr Name="_isCodegen" Value="true" />
      <Attr Name="_version" Value="10.1.3.41.57" />
      <Attr Name="_deployType" Value="0" />
   </DesignTime>
   <ViewUsage
      Name="TypeVO1"
      ViewObjectName="xxgam.oracle.apps.xbol.tm.poplist.server.TypeVO" >
   </ViewUsage>
   <ViewUsage
      Name="HiretypeVO1"
      ViewObjectName="xxgam.oracle.apps.xbol.tm.poplist.server.HiretypeVO" >
   </ViewUsage>
   <ViewUsage
      Name="CurrencyVO1"
      ViewObjectName="xxgam.oracle.apps.xbol.tm.poplist.server.CurrencyVO" >
   </ViewUsage>
</AppModule>
