<?xml version='1.0' encoding='windows-1252' ?>
<!DOCTYPE ViewObject SYSTEM "jbo_03_01.dtd">

<ViewObject
   Name="TypeVO"
   BindingStyle="OracleName"
   CustomQuery="true"
   RowClass="xxgam.oracle.apps.xbol.tm.poplist.server.TypeVORowImpl"
   ComponentClass="xxgam.oracle.apps.xbol.tm.poplist.server.TypeVOImpl"
   UseGlueCode="false" >
   <SQLQuery><![CDATA[
SELECT  'LOCAL' poplist_items
FROM     DUAL
UNION
SELECT  'FORANEO'
FROM     DUAL
UNION
SELECT  'INTERNACIONAL'
FROM     DUAL
   ]]></SQLQuery>
   <DesignTime>
      <Attr Name="_isCodegen" Value="true" />
      <Attr Name="_isExpertMode" Value="true" />
      <Attr Name="_version" Value="10.1.3.41.57" />
      <Attr Name="_codeGenFlag2" Value="Access|Coll|VarAccess" />
   </DesignTime>
   <ViewAttribute
      Name="PoplistItems"
      IsUpdateable="false"
      IsPersistent="false"
      Precision="13"
      Type="java.lang.String"
      ColumnType="VARCHAR2"
      AliasName="POPLIST_ITEMS"
      Expression="POPLIST_ITEMS"
      SQLType="VARCHAR" >
      <DesignTime>
         <Attr Name="_DisplaySize" Value="13" />
      </DesignTime>
   </ViewAttribute>
</ViewObject>
