<?xml version = '1.0' encoding = 'UTF-8'?>
<oa:listOfValues version="10.1.3_1312" xml:lang="en-US" xmlns:oa="http://xmlns.oracle.com/oa" xmlns:jrad="http://xmlns.oracle.com/jrad" xmlns:ui="http://xmlns.oracle.com/uix/ui" xmlns:user="http://xmlns.oracle.com/jrad/user" xmlns="http://xmlns.oracle.com/jrad" file-version="$Header$" scope="/" amDefName="xxgam.oracle.apps.xbol.tm.lov.server.LovAM">
   <ui:contents>
      <oa:table name="TransportModeRN" id="TransportModeVO1">
         <ui:contents>
            <oa:messageStyledText id="Code" dataType="VARCHAR2" prompt="Código" viewName="TransportModeVO1" viewAttr="Code" maximumLength="255" queryable="true"/>
            <oa:messageStyledText id="NameMode" dataType="VARCHAR2" prompt="Modo" viewName="TransportModeVO1" viewAttr="NameMode" maximumLength="255" queryable="true"/>
         </ui:contents>
      </oa:table>
   </ui:contents>
</oa:listOfValues>
