<?xml version='1.0' encoding='windows-1252' ?>
<!DOCTYPE Entity SYSTEM "jbo_03_01.dtd">

<Entity
   Name="MaterialDEO"
   DBObjectType="table"
   DBObjectName="BOLINF.XXGAM_TM_MATERIAL_DT"
   AliasName="MaterialDEO"
   BindingStyle="OracleName"
   UseGlueCode="false"
   RowClass="xxgam.oracle.apps.xbol.tm.freight.schema.MaterialDEOImpl"
   DefClass="oracle.apps.fnd.framework.server.OAEntityDefImpl"
   CollClass="oracle.apps.fnd.framework.server.OAEntityCache" >
   <DesignTime>
      <Attr Name="_isCodegen" Value="true" />
      <Attr Name="_version" Value="10.1.3.43.6" />
      <AttrArray Name="_publishEvents">
      </AttrArray>
      <Attr Name="_codeGenFlag2" Value="Init|Delete|Access|Val" />
   </DesignTime>
   <Attribute
      Name="IdRequest"
      IsNotNull="true"
      ColumnName="ID_REQUEST"
      Type="oracle.jbo.domain.Number"
      ColumnType="NUMBER"
      SQLType="NUMERIC"
      TableName="BOLINF.XXGAM_TM_MATERIAL_DT"
      PrimaryKey="true" >
      <DesignTime>
         <Attr Name="_DisplaySize" Value="22" />
      </DesignTime>
   </Attribute>
   <Attribute
      Name="IdMaterial"
      IsNotNull="true"
      ColumnName="ID_MATERIAL"
      Type="oracle.jbo.domain.Number"
      ColumnType="NUMBER"
      SQLType="NUMERIC"
      TableName="BOLINF.XXGAM_TM_MATERIAL_DT"
      PrimaryKey="true" >
      <DesignTime>
         <Attr Name="_DisplaySize" Value="22" />
      </DesignTime>
   </Attribute>
   <Attribute
      Name="IdLoadPresentation"
      ColumnName="ID_LOAD_PRESENTATION"
      Type="oracle.jbo.domain.Number"
      ColumnType="NUMBER"
      SQLType="NUMERIC"
      TableName="BOLINF.XXGAM_TM_MATERIAL_DT" >
      <DesignTime>
         <Attr Name="_DisplaySize" Value="22" />
      </DesignTime>
   </Attribute>
   <Attribute
      Name="LoadPresentation"
      Precision="200"
      ColumnName="LOAD_PRESENTATION"
      Type="java.lang.String"
      ColumnType="VARCHAR2"
      SQLType="VARCHAR"
      TableName="BOLINF.XXGAM_TM_MATERIAL_DT" >
      <DesignTime>
         <Attr Name="_DisplaySize" Value="200" />
      </DesignTime>
   </Attribute>
   <Attribute
      Name="Weight"
      ColumnName="WEIGHT"
      Type="oracle.jbo.domain.Number"
      ColumnType="NUMBER"
      SQLType="NUMERIC"
      TableName="BOLINF.XXGAM_TM_MATERIAL_DT" >
      <DesignTime>
         <Attr Name="_DisplaySize" Value="22" />
      </DesignTime>
   </Attribute>
   <Attribute
      Name="WeightUnits"
      Precision="200"
      ColumnName="WEIGHT_UNITS"
      Type="java.lang.String"
      ColumnType="VARCHAR2"
      SQLType="VARCHAR"
      TableName="BOLINF.XXGAM_TM_MATERIAL_DT" >
      <DesignTime>
         <Attr Name="_DisplaySize" Value="200" />
      </DesignTime>
   </Attribute>
   <Attribute
      Name="UnitsNumber"
      ColumnName="UNITS_NUMBER"
      Type="oracle.jbo.domain.Number"
      ColumnType="NUMBER"
      SQLType="NUMERIC"
      TableName="BOLINF.XXGAM_TM_MATERIAL_DT" >
      <DesignTime>
         <Attr Name="_DisplaySize" Value="22" />
      </DesignTime>
   </Attribute>
   <Attribute
      Name="UnitsType"
      Precision="200"
      ColumnName="UNITS_TYPE"
      Type="java.lang.String"
      ColumnType="VARCHAR2"
      SQLType="VARCHAR"
      TableName="BOLINF.XXGAM_TM_MATERIAL_DT" >
      <DesignTime>
         <Attr Name="_DisplaySize" Value="200" />
      </DesignTime>
   </Attribute>
   <Attribute
      Name="TotalWeight"
      ColumnName="TOTAL_WEIGHT"
      Type="oracle.jbo.domain.Number"
      ColumnType="NUMBER"
      SQLType="NUMERIC"
      TableName="BOLINF.XXGAM_TM_MATERIAL_DT" >
      <DesignTime>
         <Attr Name="_DisplaySize" Value="22" />
      </DesignTime>
   </Attribute>
   <Attribute
      Name="TotalWeightUnits"
      Precision="200"
      ColumnName="TOTAL_WEIGHT_UNITS"
      Type="java.lang.String"
      ColumnType="VARCHAR2"
      SQLType="VARCHAR"
      TableName="BOLINF.XXGAM_TM_MATERIAL_DT" >
      <DesignTime>
         <Attr Name="_DisplaySize" Value="200" />
      </DesignTime>
   </Attribute>
   <Attribute
      Name="Lenght"
      ColumnName="LENGHT"
      Type="oracle.jbo.domain.Number"
      ColumnType="NUMBER"
      SQLType="NUMERIC"
      TableName="BOLINF.XXGAM_TM_MATERIAL_DT" >
      <DesignTime>
         <Attr Name="_DisplaySize" Value="22" />
      </DesignTime>
   </Attribute>
   <Attribute
      Name="LenghtUnits"
      Precision="200"
      ColumnName="LENGHT_UNITS"
      Type="java.lang.String"
      ColumnType="VARCHAR2"
      SQLType="VARCHAR"
      TableName="BOLINF.XXGAM_TM_MATERIAL_DT" >
      <DesignTime>
         <Attr Name="_DisplaySize" Value="200" />
      </DesignTime>
   </Attribute>
   <Attribute
      Name="Width"
      ColumnName="WIDTH"
      Type="oracle.jbo.domain.Number"
      ColumnType="NUMBER"
      SQLType="NUMERIC"
      TableName="BOLINF.XXGAM_TM_MATERIAL_DT" >
      <DesignTime>
         <Attr Name="_DisplaySize" Value="22" />
      </DesignTime>
   </Attribute>
   <Attribute
      Name="WidthUnits"
      Precision="200"
      ColumnName="WIDTH_UNITS"
      Type="java.lang.String"
      ColumnType="VARCHAR2"
      SQLType="VARCHAR"
      TableName="BOLINF.XXGAM_TM_MATERIAL_DT" >
      <DesignTime>
         <Attr Name="_DisplaySize" Value="200" />
      </DesignTime>
   </Attribute>
   <Attribute
      Name="Height"
      ColumnName="HEIGHT"
      Type="oracle.jbo.domain.Number"
      ColumnType="NUMBER"
      SQLType="NUMERIC"
      TableName="BOLINF.XXGAM_TM_MATERIAL_DT" >
      <DesignTime>
         <Attr Name="_DisplaySize" Value="22" />
      </DesignTime>
   </Attribute>
   <Attribute
      Name="HeightUnits"
      Precision="200"
      ColumnName="HEIGHT_UNITS"
      Type="java.lang.String"
      ColumnType="VARCHAR2"
      SQLType="VARCHAR"
      TableName="BOLINF.XXGAM_TM_MATERIAL_DT" >
      <DesignTime>
         <Attr Name="_DisplaySize" Value="200" />
      </DesignTime>
   </Attribute>
   <Attribute
      Name="Attribute1"
      Precision="200"
      ColumnName="ATTRIBUTE1"
      Type="java.lang.String"
      ColumnType="VARCHAR2"
      SQLType="VARCHAR"
      TableName="BOLINF.XXGAM_TM_MATERIAL_DT" >
      <DesignTime>
         <Attr Name="_DisplaySize" Value="200" />
      </DesignTime>
   </Attribute>
   <Attribute
      Name="Attribute2"
      Precision="200"
      ColumnName="ATTRIBUTE2"
      Type="java.lang.String"
      ColumnType="VARCHAR2"
      SQLType="VARCHAR"
      TableName="BOLINF.XXGAM_TM_MATERIAL_DT" >
      <DesignTime>
         <Attr Name="_DisplaySize" Value="200" />
      </DesignTime>
   </Attribute>
   <Attribute
      Name="Attribute3"
      Precision="200"
      ColumnName="ATTRIBUTE3"
      Type="java.lang.String"
      ColumnType="VARCHAR2"
      SQLType="VARCHAR"
      TableName="BOLINF.XXGAM_TM_MATERIAL_DT" >
      <DesignTime>
         <Attr Name="_DisplaySize" Value="200" />
      </DesignTime>
   </Attribute>
   <Attribute
      Name="Attribute4"
      Precision="200"
      ColumnName="ATTRIBUTE4"
      Type="java.lang.String"
      ColumnType="VARCHAR2"
      SQLType="VARCHAR"
      TableName="BOLINF.XXGAM_TM_MATERIAL_DT" >
      <DesignTime>
         <Attr Name="_DisplaySize" Value="200" />
      </DesignTime>
   </Attribute>
   <Attribute
      Name="Attribute5"
      Precision="200"
      ColumnName="ATTRIBUTE5"
      Type="java.lang.String"
      ColumnType="VARCHAR2"
      SQLType="VARCHAR"
      TableName="BOLINF.XXGAM_TM_MATERIAL_DT" >
      <DesignTime>
         <Attr Name="_DisplaySize" Value="200" />
      </DesignTime>
   </Attribute>
   <Attribute
      Name="Attribute6"
      Precision="200"
      ColumnName="ATTRIBUTE6"
      Type="java.lang.String"
      ColumnType="VARCHAR2"
      SQLType="VARCHAR"
      TableName="BOLINF.XXGAM_TM_MATERIAL_DT" >
      <DesignTime>
         <Attr Name="_DisplaySize" Value="200" />
      </DesignTime>
   </Attribute>
   <Attribute
      Name="Attribute7"
      Precision="200"
      ColumnName="ATTRIBUTE7"
      Type="java.lang.String"
      ColumnType="VARCHAR2"
      SQLType="VARCHAR"
      TableName="BOLINF.XXGAM_TM_MATERIAL_DT" >
      <DesignTime>
         <Attr Name="_DisplaySize" Value="200" />
      </DesignTime>
   </Attribute>
   <Attribute
      Name="Attribute8"
      Precision="200"
      ColumnName="ATTRIBUTE8"
      Type="java.lang.String"
      ColumnType="VARCHAR2"
      SQLType="VARCHAR"
      TableName="BOLINF.XXGAM_TM_MATERIAL_DT" >
      <DesignTime>
         <Attr Name="_DisplaySize" Value="200" />
      </DesignTime>
   </Attribute>
   <Attribute
      Name="Attribute9"
      Precision="200"
      ColumnName="ATTRIBUTE9"
      Type="java.lang.String"
      ColumnType="VARCHAR2"
      SQLType="VARCHAR"
      TableName="BOLINF.XXGAM_TM_MATERIAL_DT" >
      <DesignTime>
         <Attr Name="_DisplaySize" Value="200" />
      </DesignTime>
   </Attribute>
   <Attribute
      Name="Attribute10"
      Precision="200"
      ColumnName="ATTRIBUTE10"
      Type="java.lang.String"
      ColumnType="VARCHAR2"
      SQLType="VARCHAR"
      TableName="BOLINF.XXGAM_TM_MATERIAL_DT" >
      <DesignTime>
         <Attr Name="_DisplaySize" Value="200" />
      </DesignTime>
   </Attribute>
   <Attribute
      Name="LastUpdateDate"
      ColumnName="LAST_UPDATE_DATE"
      Type="oracle.jbo.domain.Date"
      ColumnType="DATE"
      SQLType="TIMESTAMP"
      TableName="BOLINF.XXGAM_TM_MATERIAL_DT" >
      <DesignTime>
         <Attr Name="_DisplaySize" Value="7" />
      </DesignTime>
   </Attribute>
   <Attribute
      Name="LastUpdatedBy"
      ColumnName="LAST_UPDATED_BY"
      Type="oracle.jbo.domain.Number"
      ColumnType="NUMBER"
      SQLType="NUMERIC"
      TableName="BOLINF.XXGAM_TM_MATERIAL_DT" >
      <DesignTime>
         <Attr Name="_DisplaySize" Value="22" />
      </DesignTime>
   </Attribute>
   <Attribute
      Name="CreationDate"
      ColumnName="CREATION_DATE"
      Type="oracle.jbo.domain.Date"
      ColumnType="DATE"
      SQLType="TIMESTAMP"
      TableName="BOLINF.XXGAM_TM_MATERIAL_DT" >
      <DesignTime>
         <Attr Name="_DisplaySize" Value="7" />
      </DesignTime>
   </Attribute>
   <Attribute
      Name="CreatedBy"
      ColumnName="CREATED_BY"
      Type="oracle.jbo.domain.Number"
      ColumnType="NUMBER"
      SQLType="NUMERIC"
      TableName="BOLINF.XXGAM_TM_MATERIAL_DT" >
      <DesignTime>
         <Attr Name="_DisplaySize" Value="22" />
      </DesignTime>
   </Attribute>
   <Attribute
      Name="LastUpdateLogin"
      ColumnName="LAST_UPDATE_LOGIN"
      Type="oracle.jbo.domain.Number"
      ColumnType="NUMBER"
      SQLType="NUMERIC"
      TableName="BOLINF.XXGAM_TM_MATERIAL_DT" >
      <DesignTime>
         <Attr Name="_DisplaySize" Value="22" />
      </DesignTime>
   </Attribute>
   <AccessorAttribute
      Name="MaterialMEO"
      Association="xxgam.oracle.apps.xbol.tm.freight.schema.FkXxgamTmMaterialDtAssoc"
      AssociationEnd="xxgam.oracle.apps.xbol.tm.freight.schema.FkXxgamTmMaterialDtAssoc.MaterialMEO"
      AssociationOtherEnd="xxgam.oracle.apps.xbol.tm.freight.schema.FkXxgamTmMaterialDtAssoc.MaterialDEO"
      Type="xxgam.oracle.apps.xbol.tm.freight.schema.MaterialMEOImpl" >
   </AccessorAttribute>
   <Key
      Name="PkXxgamTmMaterialDt" >
      <AttrArray Name="Attributes">
         <Item Value="xxgam.oracle.apps.xbol.tm.freight.schema.MaterialDEO.IdRequest" />
         <Item Value="xxgam.oracle.apps.xbol.tm.freight.schema.MaterialDEO.IdMaterial" />
      </AttrArray>
      <DesignTime>
         <Attr Name="_isPrimary" Value="true" />
         <Attr Name="_DBObjectName" Value="PK_XXGAM_TM_MATERIAL_DT" />
      </DesignTime>
   </Key>
   <Key
      Name="FkXxgamTmMaterialDt" >
      <AttrArray Name="Attributes">
         <Item Value="xxgam.oracle.apps.xbol.tm.freight.schema.MaterialDEO.IdRequest" />
         <Item Value="xxgam.oracle.apps.xbol.tm.freight.schema.MaterialDEO.IdMaterial" />
      </AttrArray>
      <DesignTime>
         <Attr Name="_referencedKey" Value="PK_XXGAM_TM_MATERIAL_MT" />
         <Attr Name="_isForeign" Value="true" />
         <Attr Name="_DBObjectName" Value="FK_XXGAM_TM_MATERIAL_DT" />
      </DesignTime>
   </Key>
</Entity>
