<?xml version='1.0' encoding='windows-1252' ?>
<!DOCTYPE ViewObject SYSTEM "jbo_03_01.dtd">

<ViewObject
   Name="DestinationVO"
   BindingStyle="OracleName"
   CustomQuery="true"
   RowClass="oracle.apps.fnd.framework.server.OAViewRowImpl"
   ComponentClass="xxgam.oracle.apps.xbol.tm.lov.server.DestinationVOImpl"
   UseGlueCode="false" >
   <SQLQuery><![CDATA[
SELECT CODE, DESCRIPTION FROM XXGAM_TM_DESTINATION_DT
   ]]></SQLQuery>
   <DesignTime>
      <Attr Name="_isExpertMode" Value="true" />
      <Attr Name="_version" Value="10.1.3.41.57" />
      <Attr Name="_codeGenFlag2" Value="Access|Coll|VarAccess" />
   </DesignTime>
   <ViewAttribute
      Name="Code"
      IsUpdateable="false"
      IsPersistent="false"
      Precision="255"
      Type="java.lang.String"
      ColumnType="VARCHAR2"
      AliasName="CODE"
      Expression="CODE"
      SQLType="VARCHAR" >
      <DesignTime>
         <Attr Name="_DisplaySize" Value="255" />
      </DesignTime>
   </ViewAttribute>
   <ViewAttribute
      Name="Description"
      IsUpdateable="false"
      IsPersistent="false"
      Precision="1000"
      Type="java.lang.String"
      ColumnType="VARCHAR2"
      AliasName="DESCRIPTION"
      Expression="DESCRIPTION"
      SQLType="VARCHAR" >
      <DesignTime>
         <Attr Name="_DisplaySize" Value="1000" />
      </DesignTime>
   </ViewAttribute>
</ViewObject>
