<?xml version='1.0' encoding='windows-1252' ?>
<!DOCTYPE ViewObject SYSTEM "jbo_03_01.dtd">

<ViewObject
   Name="DownloadVO"
   BindingStyle="OracleName"
   CustomQuery="true"
   RowClass="xxgam.oracle.apps.xbol.tm.freight.server.DownloadVORowImpl"
   ComponentClass="xxgam.oracle.apps.xbol.tm.freight.server.DownloadVOImpl"
   UseGlueCode="false" >
   <SQLQuery><![CDATA[
select file_id 
         ,file_name 
         ,file_data
from bolinf.xxgam_fnd_lobs
   ]]></SQLQuery>
   <DesignTime>
      <Attr Name="_isCodegen" Value="true" />
      <Attr Name="_isExpertMode" Value="true" />
      <Attr Name="_version" Value="10.1.3.43.6" />
      <Attr Name="_codeGenFlag2" Value="Access|Coll|VarAccess" />
   </DesignTime>
   <ViewAttribute
      Name="FileId"
      IsUpdateable="false"
      IsPersistent="false"
      IsNotNull="true"
      Type="oracle.jbo.domain.Number"
      ColumnType="NUMBER"
      AliasName="FILE_ID"
      Expression="FILE_ID"
      SQLType="NUMERIC" >
      <DesignTime>
         <Attr Name="_DisplaySize" Value="22" />
      </DesignTime>
   </ViewAttribute>
   <ViewAttribute
      Name="FileName"
      IsUpdateable="false"
      IsPersistent="false"
      Precision="256"
      Type="java.lang.String"
      ColumnType="VARCHAR2"
      AliasName="FILE_NAME"
      Expression="FILE_NAME"
      SQLType="VARCHAR" >
      <DesignTime>
         <Attr Name="_DisplaySize" Value="256" />
      </DesignTime>
   </ViewAttribute>
   <ViewAttribute
      Name="FileData"
      IsUpdateable="false"
      IsQueriable="false"
      IsPersistent="false"
      Type="oracle.jbo.domain.BlobDomain"
      ColumnType="BLOB"
      AliasName="FILE_DATA"
      Expression="FILE_DATA"
      SQLType="BLOB" >
   </ViewAttribute>
</ViewObject>
