<?xml version = '1.0' encoding = 'UTF-8'?>
<page xmlns:jrad="http://xmlns.oracle.com/jrad" xmlns:oa="http://xmlns.oracle.com/oa" xmlns:ui="http://xmlns.oracle.com/uix/ui" version="10.1.3_1312" xml:lang="en-US" xmlns:user="http://xmlns.oracle.com/jrad/user" xmlns="http://xmlns.oracle.com/jrad" file-version="$Header$">
   <content>
      <oa:pageLayout id="PageLayoutRN" windowTitle="Generación de Flete" title="Generación de Flete" amDefName="xxgam.oracle.apps.xbol.tm.freight.server.RequestAM" scope="/xxgam/oracle/apps/xbol/tm/freight" amStateRequired="false" controllerClass="xxgam.oracle.apps.xbol.tm.freight.webui.RequestCO">
         <ui:corporateBranding>
            <oa:image id="corporateBrandingImage" source="/OA_MEDIA/FNDSSCORP.gif"/>
         </ui:corporateBranding>
         <ui:contents>
            <oa:subTabLayout id="SubTabRN">
               <ui:contents>
                  <oa:header id="Tab1" text="Solicitud">
                     <ui:contents>
                        <oa:tableLayout id="Solicitud" hAlign="left">
                           <ui:contents>
                              <oa:rowLayout id="Row1">
                                 <ui:contents>
                                    <oa:cellFormat id="R1C1" columnSpan="1">
                                       <ui:contents>
                                          <oa:messageStyledText id="PSolicitud" prompt="Solicitud:"/>
                                       </ui:contents>
                                    </oa:cellFormat>
                                    <oa:cellFormat id="R1C2">
                                       <ui:contents>
                                          <oa:messageTextInput id="SolicitudId" prompt="" viewAttr="IdRequest" dataType="NUMBER" viewName="RequestVO1" readOnly="true"/>
                                       </ui:contents>
                                    </oa:cellFormat>
                                    <oa:cellFormat id="R1C3"/>
                                    <oa:cellFormat id="R1C4" rowSpan="13" vAlign="top" columnSpan="2">
                                       <ui:contents>
                                          <oa:messageComponentLayout id="UploadRN">
                                             <ui:contents>
                                                <oa:messageTextInput id="Doc1" prompt="Documento 1:" viewName="RequestVO1" viewAttr="Document1" dataType="VARCHAR2" maximumLength="200"/>
                                                <oa:messageLayout id="Down1" prompt="">
                                                   <ui:contents>
                                                      <oa:submitButton id="Download1" text="Descargar" prompt="Descargar">
                                                         <ui:primaryClientAction>
                                                            <ui:firePartialAction event="download" id="firePartialAction1">
                                                               <ui:parameters>
                                                                  <ui:parameter key="Document" value="Doc1"/>
                                                               </ui:parameters>
                                                            </ui:firePartialAction>
                                                         </ui:primaryClientAction>
                                                      </oa:submitButton>
                                                   </ui:contents>
                                                </oa:messageLayout>
                                                <oa:messageTextInput id="Doc2" dataType="VARCHAR2" prompt="Documento 2:" viewName="RequestVO1" viewAttr="Document2" maximumLength="200"/>
                                                <oa:messageLayout id="Down2" prompt="">
                                                   <ui:contents>
                                                      <oa:submitButton id="Download2" text="Descargar" prompt="Descargar">
                                                         <ui:primaryClientAction>
                                                            <ui:firePartialAction event="download" id="firePartialAction2">
                                                               <ui:parameters>
                                                                  <ui:parameter key="Document" value="Doc2"/>
                                                               </ui:parameters>
                                                            </ui:firePartialAction>
                                                         </ui:primaryClientAction>
                                                      </oa:submitButton>
                                                   </ui:contents>
                                                </oa:messageLayout>
                                                <oa:messageTextInput id="Doc3" viewName="RequestVO1" viewAttr="Document3" prompt="Documento 3:" dataType="VARCHAR2" maximumLength="200"/>
                                                <oa:messageLayout id="Down3" prompt="">
                                                   <ui:contents>
                                                      <oa:submitButton id="Download3" text="Descargar" prompt="Descargar">
                                                         <ui:primaryClientAction>
                                                            <ui:firePartialAction event="download" id="firePartialAction3">
                                                               <ui:parameters>
                                                                  <ui:parameter key="Document" value="Doc3"/>
                                                               </ui:parameters>
                                                            </ui:firePartialAction>
                                                         </ui:primaryClientAction>
                                                      </oa:submitButton>
                                                   </ui:contents>
                                                </oa:messageLayout>
                                                <oa:messageFileUpload id="MessageFileUpload" prompt="Carga de Archivo:"/>
                                                <oa:messageLayout id="ButtonLayout">
                                                   <ui:contents>
                                                      <oa:submitButton id="Submit" use="/oracle/apps/fnd/attributesets/Buttons/Go"/>
                                                   </ui:contents>
                                                </oa:messageLayout>
                                             </ui:contents>
                                          </oa:messageComponentLayout>
                                       </ui:contents>
                                    </oa:cellFormat>
                                 </ui:contents>
                              </oa:rowLayout>
                              <oa:rowLayout id="Row2">
                                 <ui:contents>
                                    <oa:cellFormat id="R2C1" columnSpan="1">
                                       <ui:contents>
                                          <oa:messageStyledText id="PEstatus" prompt="Estatus:"/>
                                       </ui:contents>
                                    </oa:cellFormat>
                                    <oa:cellFormat id="R2C2" columnSpan="2">
                                       <ui:contents>
                                          <oa:messageChoice id="Estatus" viewAttr="Status" viewName="RequestVO1" prompt="" pickListViewDef="xxgam.oracle.apps.xbol.tm.poplist.server.RequestStatusVO" pickListViewName="" pickListDispAttr="Meaning" pickListValAttr="Meaning"/>
                                       </ui:contents>
                                    </oa:cellFormat>
                                 </ui:contents>
                              </oa:rowLayout>
                              <oa:rowLayout id="Row3">
                                 <ui:contents>
                                    <oa:cellFormat id="R3C1">
                                       <ui:contents>
                                          <oa:messageStyledText id="PCompania" prompt="Compañía:"/>
                                       </ui:contents>
                                    </oa:cellFormat>
                                    <oa:cellFormat id="R3C2">
                                       <ui:contents>
                                          <oa:messageTextInput id="CompaniaId" dataType="VARCHAR2" viewAttr="OperatingUnit" prompt="" viewName="RequestVO1" readOnly="true" maximumLength="200"/>
                                       </ui:contents>
                                    </oa:cellFormat>
                                    <oa:cellFormat id="R3C3">
                                       <ui:contents>
                                          <oa:messageTextInput id="Compania" viewAttr="OuDescription" viewName="RequestVO1" readOnly="true" maximumLength="200"/>
                                       </ui:contents>
                                    </oa:cellFormat>
                                 </ui:contents>
                              </oa:rowLayout>
                              <oa:rowLayout id="Row4">
                                 <ui:contents>
                                    <oa:cellFormat id="R4C1">
                                       <ui:contents>
                                          <oa:messageStyledText id="PArea" prompt="Área:"/>
                                       </ui:contents>
                                    </oa:cellFormat>
                                    <oa:cellFormat id="R4C2">
                                       <ui:contents>
                                          <oa:messageStyledText id="Area" viewAttr="ADescription" viewName="RequestVO1"/>
                                       </ui:contents>
                                    </oa:cellFormat>
                                 </ui:contents>
                              </oa:rowLayout>
                              <oa:rowLayout id="Row5">
                                 <ui:contents>
                                    <oa:cellFormat id="R5C1">
                                       <ui:contents>
                                          <oa:messageStyledText id="PUsuario" prompt="Usuario:"/>
                                       </ui:contents>
                                    </oa:cellFormat>
                                    <oa:cellFormat id="R5C2">
                                       <ui:contents>
                                          <oa:messageStyledText id="UsuarioId"/>
                                       </ui:contents>
                                    </oa:cellFormat>
                                    <oa:cellFormat id="R5C3">
                                       <ui:contents>
                                          <oa:messageStyledText id="Usuario" dataType="VARCHAR2" viewAttr="UserName" prompt="" viewName="RequestVO1"/>
                                       </ui:contents>
                                    </oa:cellFormat>
                                 </ui:contents>
                              </oa:rowLayout>
                              <oa:rowLayout id="Row6">
                                 <ui:contents>
                                    <oa:cellFormat id="R6C1">
                                       <ui:contents>
                                          <oa:messageStyledText id="PPrioridad" prompt="Prioridad:"/>
                                       </ui:contents>
                                    </oa:cellFormat>
                                    <oa:cellFormat id="R6C2">
                                       <ui:contents>
                                          <oa:messageTextInput id="PrioridadId" dataType="NUMBER" viewAttr="IdPriority" prompt="" viewName="RequestVO1" readOnly="false"/>
                                       </ui:contents>
                                    </oa:cellFormat>
                                    <oa:cellFormat id="R6C3">
                                       <ui:contents>
                                          <oa:messageTextInput id="Prioridad" viewAttr="PriorityCode" viewName="RequestVO1" readOnly="false" maximumLength="200"/>
                                       </ui:contents>
                                    </oa:cellFormat>
                                 </ui:contents>
                              </oa:rowLayout>
                              <oa:rowLayout id="Row7">
                                 <ui:contents>
                                    <oa:cellFormat id="R7C1">
                                       <ui:contents>
                                          <oa:messageStyledText id="PFActivacion" prompt="Fecha Activación:"/>
                                       </ui:contents>
                                    </oa:cellFormat>
                                    <oa:cellFormat id="R7C2">
                                       <ui:contents>
                                          <oa:messageTextInput id="FActivacion" dataType="DATE" viewName="RequestVO1" viewAttr="ActivationDate" readOnly="true"/>
                                       </ui:contents>
                                    </oa:cellFormat>
                                 </ui:contents>
                              </oa:rowLayout>
                              <oa:rowLayout id="Row8">
                                 <ui:contents>
                                    <oa:cellFormat id="R8C1">
                                       <ui:contents>
                                          <oa:messageStyledText id="PTActivacion" prompt="Hora Activación:"/>
                                       </ui:contents>
                                    </oa:cellFormat>
                                    <oa:cellFormat id="R8C2">
                                       <ui:contents>
                                          <oa:messageTextInput id="TActivacion" dataType="VARCHAR2" readOnly="true"/>
                                       </ui:contents>
                                    </oa:cellFormat>
                                 </ui:contents>
                              </oa:rowLayout>
                              <oa:rowLayout id="Row9">
                                 <ui:contents>
                                    <oa:cellFormat id="R9C1">
                                       <ui:contents>
                                          <oa:messageStyledText id="PFMaterial" prompt="Fecha Material:"/>
                                       </ui:contents>
                                    </oa:cellFormat>
                                    <oa:cellFormat id="R9C2">
                                       <ui:contents>
                                          <oa:messageTextInput id="FMaterial" dataType="DATE" viewName="RequestVO1" viewAttr="MaterialDate" readOnly="false" tipType="dateFormat"/>
                                       </ui:contents>
                                    </oa:cellFormat>
                                 </ui:contents>
                              </oa:rowLayout>
                              <oa:rowLayout id="Row10">
                                 <ui:contents>
                                    <oa:cellFormat id="R10C1">
                                       <ui:contents>
                                          <oa:messageStyledText id="PTMaterial" prompt="Hora Material:"/>
                                       </ui:contents>
                                    </oa:cellFormat>
                                    <oa:cellFormat id="R10C2">
                                       <ui:contents>
                                          <oa:messageTextInput id="TMaterial" dataType="VARCHAR2" readOnly="false"/>
                                       </ui:contents>
                                    </oa:cellFormat>
                                    <oa:cellFormat id="R10C3"/>
                                    <oa:cellFormat id="R10C4" rendered="false">
                                       <ui:contents>
                                          <oa:messageStyledText id="POrigen" prompt="Origen"/>
                                       </ui:contents>
                                    </oa:cellFormat>
                                    <oa:cellFormat id="R10C5" rendered="false">
                                       <ui:contents>
                                          <oa:messageTextInput id="IdOrigen" viewName="RequestVO1" dataType="NUMBER" viewAttr="IdOrigin"/>
                                       </ui:contents>
                                    </oa:cellFormat>
                                    <oa:cellFormat id="R10C6" rendered="false">
                                       <ui:contents>
                                          <oa:messageTextInput id="Origen" viewName="RequestVO1" viewAttr="Origin" maximumLength="200"/>
                                       </ui:contents>
                                    </oa:cellFormat>
                                 </ui:contents>
                              </oa:rowLayout>
                              <oa:rowLayout id="Row11">
                                 <ui:contents>
                                    <oa:cellFormat id="R11C1">
                                       <ui:contents>
                                          <oa:messageStyledText id="PEmbarcador" prompt="Embarcador:"/>
                                       </ui:contents>
                                    </oa:cellFormat>
                                    <oa:cellFormat id="R11C2">
                                       <ui:contents>
                                          <oa:messageTextInput id="EmbarcadorId" dataType="NUMBER" viewAttr="IdShipper" prompt="" viewName="RequestVO1" readOnly="false"/>
                                       </ui:contents>
                                    </oa:cellFormat>
                                    <oa:cellFormat id="R11C3">
                                       <ui:contents>
                                          <oa:messageTextInput id="Embarcador" viewAttr="Shipper" viewName="RequestVO1" readOnly="false" maximumLength="200"/>
                                       </ui:contents>
                                    </oa:cellFormat>
                                    <oa:cellFormat id="R11C4" rendered="false">
                                       <ui:contents>
                                          <oa:messageStyledText id="PZona" prompt="Zona:"/>
                                       </ui:contents>
                                    </oa:cellFormat>
                                    <oa:cellFormat id="R11C5" rendered="false">
                                       <ui:contents>
                                          <oa:messageTextInput id="IdZona" viewName="RequestVO1" dataType="NUMBER" viewAttr="IdZone"/>
                                       </ui:contents>
                                    </oa:cellFormat>
                                    <oa:cellFormat id="R11C6" rendered="false">
                                       <ui:contents>
                                          <oa:messageTextInput id="Zona" viewName="RequestVO1" viewAttr="ZoneDesc" maximumLength="200"/>
                                       </ui:contents>
                                    </oa:cellFormat>
                                 </ui:contents>
                              </oa:rowLayout>
                              <oa:rowLayout id="Row12">
                                 <ui:contents>
                                    <oa:cellFormat id="R12C1">
                                       <ui:contents>
                                          <oa:messageStyledText id="PDestinatario" prompt="Destinatario:"/>
                                       </ui:contents>
                                    </oa:cellFormat>
                                    <oa:cellFormat id="R12C2">
                                       <ui:contents>
                                          <oa:messageTextInput id="DestinatarioId" dataType="NUMBER" viewAttr="IdReceiver" prompt="" viewName="RequestVO1" readOnly="false"/>
                                       </ui:contents>
                                    </oa:cellFormat>
                                    <oa:cellFormat id="R12C3">
                                       <ui:contents>
                                          <oa:messageTextInput id="Destinatario" viewAttr="Receiver" viewName="RequestVO1" readOnly="false" maximumLength="200"/>
                                       </ui:contents>
                                    </oa:cellFormat>
                                    <oa:cellFormat id="R12C4" rendered="false">
                                       <ui:contents>
                                          <oa:messageStyledText id="PDestino" prompt="Destino:"/>
                                       </ui:contents>
                                    </oa:cellFormat>
                                    <oa:cellFormat id="R12C5" rendered="false">
                                       <ui:contents>
                                          <oa:messageTextInput id="IdDestino" viewName="RequestVO1" dataType="NUMBER" viewAttr="IdDestination"/>
                                       </ui:contents>
                                    </oa:cellFormat>
                                    <oa:cellFormat id="R12C6" rendered="false">
                                       <ui:contents>
                                          <oa:messageTextInput id="Destino" viewName="RequestVO1" viewAttr="Destination" maximumLength="200"/>
                                       </ui:contents>
                                    </oa:cellFormat>
                                 </ui:contents>
                              </oa:rowLayout>
                              <oa:rowLayout id="Row13">
                                 <ui:contents>
                                    <oa:cellFormat id="R13C1">
                                       <ui:contents>
                                          <oa:messageStyledText id="PComentarios" prompt="Comentarios:" vAlign="top"/>
                                       </ui:contents>
                                    </oa:cellFormat>
                                    <oa:cellFormat id="R13C2" columnSpan="2">
                                       <ui:contents>
                                          <oa:messageTextInput id="Comentarios" viewAttr="Comments" viewName="RequestVO1" readOnly="false" rows="5" columns="60" maximumLength="1000"/>
                                       </ui:contents>
                                    </oa:cellFormat>
                                    <oa:cellFormat id="R13C3" hAlign="end" rendered="true">
                                       <ui:contents>
                                          <oa:messageStyledText id="PEntregas" prompt="Entregas Múltiples:"/>
                                       </ui:contents>
                                    </oa:cellFormat>
                                    <oa:cellFormat id="R13C4" hAlign="start" rendered="true">
                                       <ui:contents>
                                          <oa:messageCheckBox id="Entregas" checkedValue="Y" defaultValue="N" unCheckedValue="N" viewName="RequestVO1" viewAttr="MultipleDeliveries" text="" prompt=""/>
                                       </ui:contents>
                                    </oa:cellFormat>
                                 </ui:contents>
                              </oa:rowLayout>
                           </ui:contents>
                        </oa:tableLayout>
                     </ui:contents>
                  </oa:header>
                  <oa:header id="Tab2" text="Materiales">
                     <ui:contents>
                        <oa:advancedTable id="MaterialMT" detailViewAttr="DetailFlag" viewName="MaterialMVO1" viewLinkName="MaterialVL1" childViewAttrName="IdRequest">
                           <ui:contents>
                              <oa:column id="C1">
                                 <ui:columnHeader>
                                    <oa:sortableHeader id="sortableHeader1" prompt="Id Sol"/>
                                 </ui:columnHeader>
                                 <ui:contents>
                                    <oa:messageTextInput id="SolMaterialId" viewAttr="IdRequest" dataType="NUMBER" prompt=""/>
                                 </ui:contents>
                              </oa:column>
                              <oa:column id="C2" columnDataFormat="numberFormat">
                                 <ui:columnHeader>
                                    <oa:sortableHeader id="sortableHeader2" prompt="Id Material"/>
                                 </ui:columnHeader>
                                 <ui:contents>
                                    <oa:messageTextInput id="MaterialId" dataType="NUMBER" viewAttr="IdMaterial" prompt=""/>
                                 </ui:contents>
                              </oa:column>
                              <oa:column id="C3">
                                 <ui:columnHeader>
                                    <oa:sortableHeader id="sortableHeader3" prompt="Tipo de Material"/>
                                 </ui:columnHeader>
                                 <ui:contents>
                                    <oa:messageTextInput id="TipoMaterialId" dataType="NUMBER" viewAttr="IdMaterialType" prompt=""/>
                                 </ui:contents>
                              </oa:column>
                              <oa:column id="C4">
                                 <ui:columnHeader>
                                    <oa:sortableHeader id="sortableHeader4"/>
                                 </ui:columnHeader>
                                 <ui:contents>
                                    <oa:messageTextInput id="TipoMaterial" dataType="VARCHAR2" viewAttr="MaterialType"/>
                                 </ui:contents>
                              </oa:column>
                              <oa:column id="C5">
                                 <ui:columnHeader>
                                    <oa:sortableHeader id="sortableHeader8" prompt="Tipo Carga"/>
                                 </ui:columnHeader>
                                 <ui:contents>
                                    <oa:messageTextInput id="CargaId" dataType="NUMBER" viewAttr="IdLoadType" prompt=""/>
                                 </ui:contents>
                              </oa:column>
                              <oa:column id="C6">
                                 <ui:columnHeader/>
                                 <ui:contents>
                                    <oa:messageTextInput id="Carga" dataType="VARCHAR2" viewAttr="LoadType"/>
                                 </ui:contents>
                              </oa:column>
                              <oa:column id="C7">
                                 <ui:columnHeader>
                                    <oa:sortableHeader id="sortableHeader14" prompt="Shipment"/>
                                 </ui:columnHeader>
                                 <ui:contents>
                                    <oa:messageTextInput id="Shipment" dataType="VARCHAR2" viewAttr="Shipment"/>
                                 </ui:contents>
                              </oa:column>
                              <oa:column id="C8">
                                 <ui:columnHeader>
                                    <oa:sortableHeader id="sortableHeader152" prompt="Peso Total"/>
                                 </ui:columnHeader>
                                 <ui:contents>
                                    <oa:messageTextInput id="PesoTotal" dataType="NUMBER" viewAttr="TotalWeight"/>
                                 </ui:contents>
                              </oa:column>
                              <oa:column id="C9">
                                 <ui:columnHeader>
                                    <oa:sortableHeader id="sortableHeader151" prompt="Vol Total"/>
                                 </ui:columnHeader>
                                 <ui:contents>
                                    <oa:messageTextInput id="VolTotal" dataType="NUMBER" viewAttr="TotalVol"/>
                                 </ui:contents>
                              </oa:column>
                           </ui:contents>
                           <ui:detail>
                              <oa:header id="Header" text="">
                                 <ui:contents>
                                    <oa:tableLayout id="DetalleRN" hAlign="left">
                                       <ui:contents>
                                          <oa:rowLayout id="R0">
                                             <ui:contents>
                                                <oa:cellFormat id="R0C1" columnSpan="3" hAlign="start">
                                                   <ui:contents>
                                                      <oa:header id="Detalles" text="Detalles"/>
                                                   </ui:contents>
                                                </oa:cellFormat>
                                                <oa:cellFormat id="R0C2" columnSpan="3" hAlign="start">
                                                   <ui:contents>
                                                      <oa:header id="Pesos" text="Pesos"/>
                                                   </ui:contents>
                                                </oa:cellFormat>
                                                <oa:cellFormat id="R0C3" columnSpan="3" hAlign="start">
                                                   <ui:contents>
                                                      <oa:header id="Dimensiones" text="Dimensiones"/>
                                                   </ui:contents>
                                                </oa:cellFormat>
                                             </ui:contents>
                                          </oa:rowLayout>
                                          <oa:rowLayout id="R1">
                                             <ui:contents>
                                                <oa:cellFormat id="D1C1" hAlign="end">
                                                   <ui:contents>
                                                      <oa:messageTextInput id="FechaMaterial" dataType="DATE" viewAttr="MaterialDate" tipType="dateFormat" prompt="Fecha Material:" viewName="MaterialMVO1" styleClass="OraPromptText"/>
                                                   </ui:contents>
                                                </oa:cellFormat>
                                                <oa:cellFormat id="D1C2"/>
                                                <oa:cellFormat id="D1C3"/>
                                                <oa:cellFormat id="D1C4" hAlign="end">
                                                   <ui:contents>
                                                      <oa:messageTextInput id="IdPCarga" prompt="Presentación Carga:" dataType="NUMBER" viewName="MaterialMVO1" viewAttr="IdLoadPresentation"/>
                                                   </ui:contents>
                                                </oa:cellFormat>
                                                <oa:cellFormat id="D1C5" hAlign="end">
                                                   <ui:contents>
                                                      <oa:messageTextInput id="CargaP" prompt="" dataType="VARCHAR2" viewName="MaterialMVO1" viewAttr="LoadPresentation" maximumLength="200"/>
                                                   </ui:contents>
                                                </oa:cellFormat>
                                                <oa:cellFormat id="D1C6"/>
                                                <oa:cellFormat id="D1C7" hAlign="end">
                                                   <ui:contents>
                                                      <oa:messageTextInput id="Largo" dataType="NUMBER" viewName="MaterialMVO1" viewAttr="Lenght" prompt="Largo:"/>
                                                   </ui:contents>
                                                </oa:cellFormat>
                                                <oa:cellFormat id="D1C8" hAlign="end">
                                                   <ui:contents>
                                                      <oa:messageTextInput id="ULargo" viewName="MaterialMVO1" viewAttr="WeightUnits" maximumLength="200"/>
                                                   </ui:contents>
                                                </oa:cellFormat>
                                             </ui:contents>
                                          </oa:rowLayout>
                                          <oa:rowLayout id="R2">
                                             <ui:contents>
                                                <oa:cellFormat id="D2C1" hAlign="end">
                                                   <ui:contents>
                                                      <oa:messageTextInput id="HoraMaterial" dataType="VARCHAR2" viewAttr="MaterialTime" prompt="Hora Material:" viewName="MaterialMVO1" styleClass="OraPromptText" maximumLength="200"/>
                                                   </ui:contents>
                                                </oa:cellFormat>
                                                <oa:cellFormat id="D2C2"/>
                                                <oa:cellFormat id="D2C3"/>
                                                <oa:cellFormat id="D2C4" hAlign="end">
                                                   <ui:contents>
                                                      <oa:messageTextInput id="Peso" prompt="Peso:" dataType="NUMBER" viewName="MaterialMVO1" viewAttr="Weight"/>
                                                   </ui:contents>
                                                </oa:cellFormat>
                                                <oa:cellFormat id="D2C5" hAlign="end">
                                                   <ui:contents>
                                                      <oa:messageTextInput id="UPeso" prompt="" dataType="VARCHAR2" viewName="MaterialMVO1" viewAttr="WeightUnits" maximumLength="200"/>
                                                   </ui:contents>
                                                </oa:cellFormat>
                                                <oa:cellFormat id="D2C6"/>
                                                <oa:cellFormat id="D2C7" hAlign="end">
                                                   <ui:contents>
                                                      <oa:messageTextInput id="Ancho" dataType="NUMBER" viewName="MaterialMVO1" viewAttr="Width" prompt="Ancho:"/>
                                                   </ui:contents>
                                                </oa:cellFormat>
                                                <oa:cellFormat id="D2C8" hAlign="end">
                                                   <ui:contents>
                                                      <oa:messageTextInput id="UAncho" viewName="MaterialMVO1" viewAttr="WeightUnits" maximumLength="200"/>
                                                   </ui:contents>
                                                </oa:cellFormat>
                                             </ui:contents>
                                          </oa:rowLayout>
                                          <oa:rowLayout id="R3">
                                             <ui:contents>
                                                <oa:cellFormat id="D3C1" hAlign="end">
                                                   <ui:contents>
                                                      <oa:messageTextInput id="Reparto" dataType="NUMBER" viewAttr="Distribution" viewName="MaterialMVO1" prompt="Reparto:" styleClass="OraPromptText"/>
                                                   </ui:contents>
                                                </oa:cellFormat>
                                                <oa:cellFormat id="D3C2"/>
                                                <oa:cellFormat id="D3C3"/>
                                                <oa:cellFormat id="D3C4" hAlign="end">
                                                   <ui:contents>
                                                      <oa:messageTextInput id="Cantidad" prompt="Cantidad:" dataType="NUMBER" viewName="MaterialMVO1" viewAttr="UnitsNumber"/>
                                                   </ui:contents>
                                                </oa:cellFormat>
                                                <oa:cellFormat id="D3C5" hAlign="end">
                                                   <ui:contents>
                                                      <oa:messageTextInput id="TUnidad" prompt="" dataType="VARCHAR2" viewName="MaterialMVO1" viewAttr="UnitsType" maximumLength="200"/>
                                                   </ui:contents>
                                                </oa:cellFormat>
                                                <oa:cellFormat id="D3C6"/>
                                                <oa:cellFormat id="D3C7" hAlign="end">
                                                   <ui:contents>
                                                      <oa:messageTextInput id="Alto" dataType="NUMBER" viewName="MaterialMVO1" viewAttr="Height" prompt="Alto:"/>
                                                   </ui:contents>
                                                </oa:cellFormat>
                                                <oa:cellFormat id="D3C8" hAlign="end">
                                                   <ui:contents>
                                                      <oa:messageTextInput id="UAlto" viewName="MaterialMVO1" viewAttr="HeightUnits" maximumLength="200"/>
                                                   </ui:contents>
                                                </oa:cellFormat>
                                             </ui:contents>
                                          </oa:rowLayout>
                                          <oa:rowLayout id="R4">
                                             <ui:contents>
                                                <oa:cellFormat id="D4C1" hAlign="end">
                                                   <ui:contents>
                                                      <oa:messageTextInput id="DgrId" dataType="NUMBER" viewAttr="IdDgr" prompt="DGR:" viewName="MaterialMVO1" styleClass="OraPromptText"/>
                                                   </ui:contents>
                                                </oa:cellFormat>
                                                <oa:cellFormat id="D4C2" hAlign="end">
                                                   <ui:contents>
                                                      <oa:messageTextInput id="Dgr" dataType="VARCHAR2" viewAttr="Dgr" viewName="MaterialMVO1" maximumLength="200"/>
                                                   </ui:contents>
                                                </oa:cellFormat>
                                                <oa:cellFormat id="D4C3"/>
                                                <oa:cellFormat id="D4C4" hAlign="end">
                                                   <ui:contents>
                                                      <oa:messageTextInput id="TPeso" prompt="Peso Total:" dataType="NUMBER" viewName="MaterialMVO1" viewAttr="TotalWeight"/>
                                                   </ui:contents>
                                                </oa:cellFormat>
                                                <oa:cellFormat id="D4C5" hAlign="end">
                                                   <ui:contents>
                                                      <oa:messageTextInput id="UTPeso" prompt="" dataType="VARCHAR2" viewName="MaterialMVO1" viewAttr="TotalWeightUnits" maximumLength="200"/>
                                                   </ui:contents>
                                                </oa:cellFormat>
                                                <oa:cellFormat id="D4C6"/>
                                             </ui:contents>
                                          </oa:rowLayout>
                                          <oa:rowLayout id="R5">
                                             <ui:contents>
                                                <oa:cellFormat id="D5C1" hAlign="end">
                                                   <ui:contents>
                                                      <oa:messageTextInput id="DocumentoId" dataType="NUMBER" viewAttr="IdDocument" prompt="Documento:" viewName="MaterialMVO1"/>
                                                   </ui:contents>
                                                </oa:cellFormat>
                                                <oa:cellFormat id="D5C2" hAlign="end">
                                                   <ui:contents>
                                                      <oa:messageTextInput id="Documento" dataType="VARCHAR2" viewAttr="DocumentDescription" viewName="MaterialMVO1" maximumLength="200"/>
                                                   </ui:contents>
                                                </oa:cellFormat>
                                                <oa:cellFormat id="D5C3"/>
                                                <oa:cellFormat id="D5C4"/>
                                                <oa:cellFormat id="D5C5"/>
                                                <oa:cellFormat id="D5C6"/>
                                             </ui:contents>
                                          </oa:rowLayout>
                                          <oa:rowLayout id="R6">
                                             <ui:contents>
                                                <oa:cellFormat id="D6C1" hAlign="end">
                                                   <ui:contents>
                                                      <oa:messageTextInput id="Numero" dataType="VARCHAR2" viewAttr="NReference" tipType="dateFormat" prompt="Número:" viewName="MaterialMVO1" styleClass="OraPromptText" maximumLength="200"/>
                                                   </ui:contents>
                                                </oa:cellFormat>
                                                <oa:cellFormat id="D6C2"/>
                                                <oa:cellFormat id="D6C3"/>
                                                <oa:cellFormat id="D6C4"/>
                                                <oa:cellFormat id="D6C5"/>
                                                <oa:cellFormat id="D6C6"/>
                                             </ui:contents>
                                          </oa:rowLayout>
                                       </ui:contents>
                                    </oa:tableLayout>
                                 </ui:contents>
                              </oa:header>
                           </ui:detail>
                        </oa:advancedTable>
                        <oa:pageButtonBar id="ButtonsT2">
                           <ui:contents>
                              <oa:tableLayout id="Footer" hAlign="left">
                                 <ui:contents>
                                    <oa:rowLayout id="FR1" hAlign="left">
                                       <ui:contents>
                                          <oa:cellFormat id="F1C1" hAlign="left">
                                             <ui:contents>
                                                <oa:submitButton id="NuevoMaterial" text="Nuevo Material" prompt="Nuevo Material"/>
                                             </ui:contents>
                                          </oa:cellFormat>
                                          <oa:cellFormat id="F1C2">
                                             <ui:contents>
                                                <oa:spacer id="Spacer" width="10"/>
                                             </ui:contents>
                                          </oa:cellFormat>
                                          <oa:cellFormat id="F1C3" hAlign="right" columnSpan="7">
                                             <ui:contents>
                                                <oa:messageStyledText id="TotalWeight" prompt="Peso Total:" styleClass="OraFieldText"/>
                                             </ui:contents>
                                          </oa:cellFormat>
                                          <oa:cellFormat id="F1C4" hAlign="right">
                                             <ui:contents>
                                                <oa:messageStyledText id="TotalVolume" prompt="Volumen Total:" styleClass="OraFieldText"/>
                                             </ui:contents>
                                          </oa:cellFormat>
                                       </ui:contents>
                                    </oa:rowLayout>
                                 </ui:contents>
                              </oa:tableLayout>
                           </ui:contents>
                        </oa:pageButtonBar>
                     </ui:contents>
                  </oa:header>
               </ui:contents>
            </oa:subTabLayout>
            <oa:pageButtonBar id="BotonesRN">
               <ui:contents>
                  <oa:submitButton id="Guardar" text="Guardar" prompt="Guardar"/>
                  <oa:submitButton id="Cancelar" text="Cancelar" prompt="Cancelar"/>
                  <oa:submitButton id="NuevoFlete" text="Crear Flete" prompt="Crear Flete" rendered="${oa.RequestVO1.FreightEnabled}"/>
               </ui:contents>
            </oa:pageButtonBar>
         </ui:contents>
      </oa:pageLayout>
   </content>
</page>
